Match Found At: ,0:00:12
Match Found At: ,0:00:16
Match Found At: ,0:00:17
Match Found At: ,0:00:18
Match Found At: ,0:00:20
Match Found At: ,0:00:20
Match Found At: ,0:00:21
Match Found At: ,0:00:22
Match Found At: ,0:00:22
Match Found At: ,0:00:23
Match Found At: ,0:00:24
Match Found At: ,0:00:24
Match Found At: ,0:00:25
Match Found At: ,0:00:26
Match Found At: ,0:00:27
Match Found At: ,0:00:28
Match Found At: ,0:00:29
Match Found At: ,0:00:30
Match Found At: ,0:00:30
Match Found At: ,0:00:31
Match Found At: ,0:00:32
Match Found At: ,0:00:32
Match Found At: ,0:00:33
Match Found At: ,0:00:33
