Match Found At: ,0:00:00
Match Found At: ,0:00:01
Match Found At: ,0:00:01
Match Found At: ,0:00:01
Match Found At: ,0:00:02
Match Found At: ,0:00:02
Match Found At: ,0:00:03
Match Found At: ,0:00:03
Match Found At: ,0:00:03
Match Found At: ,0:00:04
Match Found At: ,0:00:04
Match Found At: ,0:00:05
Match Found At: ,0:00:05
Match Found At: ,0:00:06
Match Found At: ,0:00:07
Match Found At: ,0:00:08
Match Found At: ,0:00:08
Match Found At: ,0:00:09
Match Found At: ,0:00:09
Match Found At: ,0:00:10
Match Found At: ,0:00:10
Match Found At: ,0:00:11
Match Found At: ,0:00:11
Match Found At: ,0:00:11
Match Found At: ,0:00:12
Match Found At: ,0:00:12
Match Found At: ,0:00:13
Match Found At: ,0:00:13
Match Found At: ,0:00:13
Match Found At: ,0:00:14
Match Found At: ,0:00:14
Match Found At: ,0:00:14
Match Found At: ,0:00:15
Match Found At: ,0:00:15
Match Found At: ,0:00:16
Match Found At: ,0:00:16
Match Found At: ,0:00:17
Match Found At: ,0:00:17
Match Found At: ,0:00:18
Match Found At: ,0:00:18
Match Found At: ,0:00:19
Match Found At: ,0:00:19
Match Found At: ,0:00:19
Match Found At: ,0:00:20
Match Found At: ,0:00:20
Match Found At: ,0:00:21
Match Found At: ,0:00:21
Match Found At: ,0:00:21
Match Found At: ,0:00:22
Match Found At: ,0:00:22
Match Found At: ,0:00:23
Match Found At: ,0:00:23
Match Found At: ,0:00:24
Match Found At: ,0:00:24
Match Found At: ,0:00:24
Match Found At: ,0:00:25
Match Found At: ,0:00:25
Match Found At: ,0:00:25
Match Found At: ,0:00:26
Match Found At: ,0:00:26
Match Found At: ,0:00:27
Match Found At: ,0:00:27
Match Found At: ,0:00:27
Match Found At: ,0:00:28
Match Found At: ,0:00:28
Match Found At: ,0:00:28
Match Found At: ,0:00:29
Match Found At: ,0:00:29
Match Found At: ,0:00:30
Match Found At: ,0:00:30
Match Found At: ,0:00:30
Match Found At: ,0:00:31
Match Found At: ,0:00:31
Match Found At: ,0:00:31
Match Found At: ,0:00:32
Match Found At: ,0:00:32
Match Found At: ,0:00:33
Match Found At: ,0:00:33
Match Found At: ,0:00:33
Match Found At: ,0:00:34
Match Found At: ,0:00:34
Match Found At: ,0:00:34
Match Found At: ,0:00:35
Match Found At: ,0:00:35
Match Found At: ,0:00:36
Match Found At: ,0:00:36
Match Found At: ,0:00:36
Match Found At: ,0:00:37
Match Found At: ,0:00:37
Match Found At: ,0:00:37
Match Found At: ,0:00:38
Match Found At: ,0:00:38
Match Found At: ,0:00:39
Match Found At: ,0:00:39
Match Found At: ,0:00:40
Match Found At: ,0:00:40
Match Found At: ,0:00:40
Match Found At: ,0:00:41
Match Found At: ,0:00:41
Match Found At: ,0:00:42
Match Found At: ,0:00:42
Match Found At: ,0:00:42
Match Found At: ,0:00:43
Match Found At: ,0:00:43
Match Found At: ,0:00:44
Match Found At: ,0:00:45
Match Found At: ,0:00:45
Match Found At: ,0:00:45
Match Found At: ,0:00:46
Match Found At: ,0:00:46
Match Found At: ,0:00:47
Match Found At: ,0:00:47
Match Found At: ,0:00:47
Match Found At: ,0:00:48
Match Found At: ,0:00:48
Match Found At: ,0:00:48
Match Found At: ,0:00:49
Match Found At: ,0:00:49
Match Found At: ,0:00:50
Match Found At: ,0:00:50
Match Found At: ,0:00:50
Match Found At: ,0:00:51
Match Found At: ,0:00:51
Match Found At: ,0:00:51
Match Found At: ,0:00:52
Match Found At: ,0:00:52
Match Found At: ,0:00:53
Match Found At: ,0:00:53
Match Found At: ,0:00:53
Match Found At: ,0:00:54
Match Found At: ,0:00:54
Match Found At: ,0:00:54
Match Found At: ,0:00:55
Match Found At: ,0:00:55
Match Found At: ,0:00:56
Match Found At: ,0:00:56
Match Found At: ,0:00:56
Match Found At: ,0:00:57
Match Found At: ,0:00:57
Match Found At: ,0:00:57
Match Found At: ,0:00:58
Match Found At: ,0:00:58
Match Found At: ,0:00:59
Match Found At: ,0:00:59
Match Found At: ,0:00:59
Match Found At: ,0:01:00
Match Found At: ,0:01:00
Match Found At: ,0:01:00
Match Found At: ,0:01:01
Match Found At: ,0:01:01
Match Found At: ,0:01:02
Match Found At: ,0:01:02
Match Found At: ,0:01:02
Match Found At: ,0:01:03
Match Found At: ,0:01:03
Match Found At: ,0:01:03
Match Found At: ,0:01:04
Match Found At: ,0:01:04
Match Found At: ,0:01:05
Match Found At: ,0:01:05
Match Found At: ,0:01:05
Match Found At: ,0:01:06
Match Found At: ,0:01:06
Match Found At: ,0:01:06
Match Found At: ,0:01:07
Match Found At: ,0:01:07
Match Found At: ,0:01:08
Match Found At: ,0:01:08
Match Found At: ,0:01:08
Match Found At: ,0:01:09
Match Found At: ,0:01:09
Match Found At: ,0:01:09
Match Found At: ,0:01:10
Match Found At: ,0:01:10
Match Found At: ,0:01:11
Match Found At: ,0:01:11
Match Found At: ,0:01:11
Match Found At: ,0:01:12
Match Found At: ,0:01:12
Match Found At: ,0:01:12
Match Found At: ,0:01:13
Match Found At: ,0:01:13
Match Found At: ,0:01:14
Match Found At: ,0:01:14
Match Found At: ,0:01:14
Match Found At: ,0:01:15
Match Found At: ,0:01:15
Match Found At: ,0:01:15
Match Found At: ,0:01:16
Match Found At: ,0:01:16
Match Found At: ,0:01:17
Match Found At: ,0:01:17
Match Found At: ,0:01:17
Match Found At: ,0:01:18
Match Found At: ,0:01:18
Match Found At: ,0:01:19
Match Found At: ,0:01:19
Match Found At: ,0:01:19
Match Found At: ,0:01:20
Match Found At: ,0:01:20
Match Found At: ,0:01:20
Match Found At: ,0:01:21
Match Found At: ,0:01:21
Match Found At: ,0:01:22
Match Found At: ,0:01:22
Match Found At: ,0:01:22
Match Found At: ,0:01:23
Match Found At: ,0:01:23
Match Found At: ,0:01:23
Match Found At: ,0:01:24
Match Found At: ,0:01:24
Match Found At: ,0:01:25
Match Found At: ,0:01:25
Match Found At: ,0:01:26
Match Found At: ,0:01:26
Match Found At: ,0:01:26
Match Found At: ,0:01:27
Match Found At: ,0:01:27
Match Found At: ,0:01:28
Match Found At: ,0:01:28
Match Found At: ,0:01:28
Match Found At: ,0:01:29
Match Found At: ,0:01:29
Match Found At: ,0:01:29
Match Found At: ,0:01:30
Match Found At: ,0:01:30
Match Found At: ,0:01:31
Match Found At: ,0:01:31
Match Found At: ,0:01:31
Match Found At: ,0:01:32
Match Found At: ,0:01:32
Match Found At: ,0:01:32
Match Found At: ,0:01:33
Match Found At: ,0:01:34
Match Found At: ,0:01:34
Match Found At: ,0:01:35
Match Found At: ,0:01:35
Match Found At: ,0:01:35
Match Found At: ,0:01:36
Match Found At: ,0:01:36
Match Found At: ,0:01:36
Match Found At: ,0:01:37
Match Found At: ,0:01:37
Match Found At: ,0:01:38
Match Found At: ,0:01:38
Match Found At: ,0:01:38
Match Found At: ,0:01:39
Match Found At: ,0:01:39
Match Found At: ,0:01:39
Match Found At: ,0:01:40
Match Found At: ,0:01:40
Match Found At: ,0:01:41
Match Found At: ,0:01:41
Match Found At: ,0:01:41
Match Found At: ,0:01:42
Match Found At: ,0:01:42
Match Found At: ,0:01:43
Match Found At: ,0:01:43
Match Found At: ,0:01:44
Match Found At: ,0:01:44
Match Found At: ,0:01:44
Match Found At: ,0:01:45
Match Found At: ,0:01:45
Match Found At: ,0:01:45
Match Found At: ,0:01:46
Match Found At: ,0:01:46
Match Found At: ,0:01:47
Match Found At: ,0:01:47
Match Found At: ,0:01:47
Match Found At: ,0:01:48
Match Found At: ,0:01:48
Match Found At: ,0:01:48
Match Found At: ,0:01:49
Match Found At: ,0:01:49
Match Found At: ,0:01:49
Match Found At: ,0:01:50
Match Found At: ,0:01:50
Match Found At: ,0:01:51
Match Found At: ,0:01:51
Match Found At: ,0:01:51
Match Found At: ,0:01:52
Match Found At: ,0:01:53
Match Found At: ,0:01:54
Match Found At: ,0:01:55
Match Found At: ,0:01:56
Match Found At: ,0:01:56
Match Found At: ,0:01:57
Match Found At: ,0:01:57
Match Found At: ,0:01:57
Match Found At: ,0:01:58
Match Found At: ,0:01:59
Match Found At: ,0:01:59
Match Found At: ,0:01:59
Match Found At: ,0:02:00
Match Found At: ,0:02:00
Match Found At: ,0:02:01
Match Found At: ,0:02:01
Match Found At: ,0:02:02
Match Found At: ,0:02:02
Match Found At: ,0:02:03
Match Found At: ,0:02:04
Match Found At: ,0:02:05
Match Found At: ,0:02:05
Match Found At: ,0:02:05
Match Found At: ,0:02:06
Match Found At: ,0:02:06
Match Found At: ,0:02:06
Match Found At: ,0:02:07
Match Found At: ,0:02:07
Match Found At: ,0:02:08
Match Found At: ,0:02:08
Match Found At: ,0:02:08
Match Found At: ,0:02:09
Match Found At: ,0:02:09
Match Found At: ,0:02:09
Match Found At: ,0:02:10
Match Found At: ,0:02:10
Match Found At: ,0:02:11
Match Found At: ,0:02:11
Match Found At: ,0:02:11
Match Found At: ,0:02:12
Match Found At: ,0:02:12
Match Found At: ,0:02:12
Match Found At: ,0:02:13
Match Found At: ,0:02:13
Match Found At: ,0:02:14
Match Found At: ,0:02:14
Match Found At: ,0:02:14
Match Found At: ,0:02:15
Match Found At: ,0:02:15
Match Found At: ,0:02:15
Match Found At: ,0:02:16
Match Found At: ,0:02:16
Match Found At: ,0:02:17
Match Found At: ,0:02:17
Match Found At: ,0:02:17
Match Found At: ,0:02:18
Match Found At: ,0:02:18
Match Found At: ,0:02:18
Match Found At: ,0:02:19
Match Found At: ,0:02:19
Match Found At: ,0:02:20
Match Found At: ,0:02:20
Match Found At: ,0:02:20
Match Found At: ,0:02:21
Match Found At: ,0:02:21
Match Found At: ,0:02:21
Match Found At: ,0:02:22
Match Found At: ,0:02:22
Match Found At: ,0:02:23
Match Found At: ,0:02:23
Match Found At: ,0:02:23
Match Found At: ,0:02:24
Match Found At: ,0:02:24
Match Found At: ,0:02:24
Match Found At: ,0:02:25
Match Found At: ,0:02:25
Match Found At: ,0:02:26
Match Found At: ,0:02:26
Match Found At: ,0:02:26
Match Found At: ,0:02:27
Match Found At: ,0:02:27
Match Found At: ,0:02:27
Match Found At: ,0:02:28
Match Found At: ,0:02:28
Match Found At: ,0:02:29
Match Found At: ,0:02:29
Match Found At: ,0:02:29
Match Found At: ,0:02:30
Match Found At: ,0:02:30
Match Found At: ,0:02:31
Match Found At: ,0:02:32
Match Found At: ,0:02:33
Match Found At: ,0:02:34
Match Found At: ,0:02:34
Match Found At: ,0:02:35
Match Found At: ,0:02:35
Match Found At: ,0:02:36
Match Found At: ,0:02:36
Match Found At: ,0:02:36
Match Found At: ,0:02:37
Match Found At: ,0:02:37
Match Found At: ,0:02:37
Match Found At: ,0:02:38
Match Found At: ,0:02:38
Match Found At: ,0:02:39
Match Found At: ,0:02:39
Match Found At: ,0:02:40
Match Found At: ,0:02:40
Match Found At: ,0:02:41
Match Found At: ,0:02:41
Match Found At: ,0:02:42
Match Found At: ,0:02:42
Match Found At: ,0:02:42
Match Found At: ,0:02:43
Match Found At: ,0:02:43
Match Found At: ,0:02:44
Match Found At: ,0:02:44
Match Found At: ,0:02:44
Match Found At: ,0:02:45
Match Found At: ,0:02:45
Match Found At: ,0:02:46
Match Found At: ,0:02:46
Match Found At: ,0:02:46
Match Found At: ,0:02:47
Match Found At: ,0:02:47
Match Found At: ,0:02:48
Match Found At: ,0:02:48
Match Found At: ,0:02:48
Match Found At: ,0:02:49
Match Found At: ,0:02:49
Match Found At: ,0:02:49
Match Found At: ,0:02:50
Match Found At: ,0:02:50
Match Found At: ,0:02:51
Match Found At: ,0:02:51
Match Found At: ,0:02:51
Match Found At: ,0:02:52
Match Found At: ,0:02:52
Match Found At: ,0:02:53
Match Found At: ,0:02:53
Match Found At: ,0:02:53
Match Found At: ,0:02:54
Match Found At: ,0:02:54
Match Found At: ,0:02:54
Match Found At: ,0:02:55
Match Found At: ,0:02:55
Match Found At: ,0:02:56
Match Found At: ,0:02:56
Match Found At: ,0:02:58
Match Found At: ,0:02:58
Match Found At: ,0:02:59
Match Found At: ,0:02:59
Match Found At: ,0:03:00
Match Found At: ,0:03:04
Match Found At: ,0:03:04
Match Found At: ,0:03:05
Match Found At: ,0:03:05
Match Found At: ,0:03:05
Match Found At: ,0:03:06
Match Found At: ,0:03:06
Match Found At: ,0:03:07
Match Found At: ,0:03:07
Match Found At: ,0:03:07
Match Found At: ,0:03:08
Match Found At: ,0:03:09
Match Found At: ,0:03:09
Match Found At: ,0:03:10
Match Found At: ,0:03:11
Match Found At: ,0:03:12
Match Found At: ,0:03:13
Match Found At: ,0:03:13
Match Found At: ,0:03:13
Match Found At: ,0:03:14
Match Found At: ,0:03:14
Match Found At: ,0:03:15
Match Found At: ,0:03:15
Match Found At: ,0:03:16
Match Found At: ,0:03:16
Match Found At: ,0:03:16
Match Found At: ,0:03:17
Match Found At: ,0:03:17
Match Found At: ,0:03:18
Match Found At: ,0:03:18
Match Found At: ,0:03:19
Match Found At: ,0:03:19
Match Found At: ,0:03:19
Match Found At: ,0:03:20
Match Found At: ,0:03:20
Match Found At: ,0:03:21
Match Found At: ,0:03:21
Match Found At: ,0:03:21
Match Found At: ,0:03:22
Match Found At: ,0:03:23
Match Found At: ,0:03:23
Match Found At: ,0:03:24
Match Found At: ,0:03:24
Match Found At: ,0:03:25
Match Found At: ,0:03:25
Match Found At: ,0:03:25
Match Found At: ,0:03:26
Match Found At: ,0:03:26
Match Found At: ,0:03:27
Match Found At: ,0:03:28
Match Found At: ,0:03:29
Match Found At: ,0:03:30
Match Found At: ,0:03:31
Match Found At: ,0:03:32
Match Found At: ,0:03:33
Match Found At: ,0:03:33
Match Found At: ,0:03:34
Match Found At: ,0:03:35
Match Found At: ,0:03:36
Match Found At: ,0:03:37
Match Found At: ,0:03:38
Match Found At: ,0:03:38
Match Found At: ,0:03:39
Match Found At: ,0:03:40
Match Found At: ,0:03:40
Match Found At: ,0:03:41
Match Found At: ,0:03:41
Match Found At: ,0:03:41
Match Found At: ,0:03:42
Match Found At: ,0:03:42
Match Found At: ,0:03:43
Match Found At: ,0:03:43
Match Found At: ,0:03:44
Match Found At: ,0:03:44
Match Found At: ,0:03:45
Match Found At: ,0:03:45
Match Found At: ,0:03:45
Match Found At: ,0:03:46
Match Found At: ,0:03:46
Match Found At: ,0:03:47
Match Found At: ,0:03:47
Match Found At: ,0:03:48
Match Found At: ,0:03:48
Match Found At: ,0:03:49
Match Found At: ,0:03:49
Match Found At: ,0:03:49
Match Found At: ,0:03:50
Match Found At: ,0:03:50
Match Found At: ,0:03:51
Match Found At: ,0:03:51
Match Found At: ,0:03:51
Match Found At: ,0:03:52
Match Found At: ,0:03:52
Match Found At: ,0:03:53
Match Found At: ,0:00:00
Match Found At: ,0:00:01
Match Found At: ,0:00:01
Match Found At: ,0:00:02
Match Found At: ,0:00:02
Match Found At: ,0:00:02
Match Found At: ,0:00:03
Match Found At: ,0:00:03
Match Found At: ,0:00:04
Match Found At: ,0:00:04
Match Found At: ,0:00:04
Match Found At: ,0:00:05
Match Found At: ,0:00:05
Match Found At: ,0:00:05
Match Found At: ,0:00:06
Match Found At: ,0:00:07
Match Found At: ,0:00:07
Match Found At: ,0:00:08
Match Found At: ,0:00:08
Match Found At: ,0:00:08
Match Found At: ,0:00:09
Match Found At: ,0:00:09
Match Found At: ,0:00:10
Match Found At: ,0:00:10
Match Found At: ,0:00:10
Match Found At: ,0:00:11
Match Found At: ,0:00:11
Match Found At: ,0:00:12
Match Found At: ,0:00:12
Match Found At: ,0:00:12
Match Found At: ,0:00:13
Match Found At: ,0:00:13
Match Found At: ,0:00:14
Match Found At: ,0:00:14
Match Found At: ,0:00:14
Match Found At: ,0:00:15
Match Found At: ,0:00:15
Match Found At: ,0:00:16
Match Found At: ,0:00:16
Match Found At: ,0:00:17
Match Found At: ,0:00:17
Match Found At: ,0:00:18
Match Found At: ,0:00:18
Match Found At: ,0:00:18
Match Found At: ,0:00:19
Match Found At: ,0:00:19
Match Found At: ,0:00:20
Match Found At: ,0:00:20
Match Found At: ,0:00:20
Match Found At: ,0:00:21
Match Found At: ,0:00:21
Match Found At: ,0:00:22
Match Found At: ,0:00:22
Match Found At: ,0:00:22
Match Found At: ,0:00:23
Match Found At: ,0:00:23
Match Found At: ,0:00:24
Match Found At: ,0:00:24
Match Found At: ,0:00:24
Match Found At: ,0:00:25
Match Found At: ,0:00:25
Match Found At: ,0:00:25
Match Found At: ,0:00:26
Match Found At: ,0:00:26
Match Found At: ,0:00:27
Match Found At: ,0:00:27
Match Found At: ,0:00:27
Match Found At: ,0:00:28
Match Found At: ,0:00:28
Match Found At: ,0:00:28
Match Found At: ,0:00:29
Match Found At: ,0:00:29
Match Found At: ,0:00:30
Match Found At: ,0:00:30
Match Found At: ,0:00:30
Match Found At: ,0:00:31
Match Found At: ,0:00:31
Match Found At: ,0:00:31
Match Found At: ,0:00:32
Match Found At: ,0:00:32
Match Found At: ,0:00:33
Match Found At: ,0:00:33
Match Found At: ,0:00:33
Match Found At: ,0:00:34
Match Found At: ,0:00:34
Match Found At: ,0:00:34
Match Found At: ,0:00:35
Match Found At: ,0:00:35
Match Found At: ,0:00:36
Match Found At: ,0:00:36
Match Found At: ,0:00:36
Match Found At: ,0:00:37
Match Found At: ,0:00:37
Match Found At: ,0:00:38
Match Found At: ,0:00:38
Match Found At: ,0:00:38
Match Found At: ,0:00:39
Match Found At: ,0:00:39
Match Found At: ,0:00:40
Match Found At: ,0:00:40
Match Found At: ,0:00:41
Match Found At: ,0:00:41
Match Found At: ,0:00:41
Match Found At: ,0:00:42
Match Found At: ,0:00:42
Match Found At: ,0:00:43
Match Found At: ,0:00:43
Match Found At: ,0:00:44
Match Found At: ,0:00:44
Match Found At: ,0:00:45
Match Found At: ,0:00:45
Match Found At: ,0:00:00
Match Found At: ,0:00:01
Match Found At: ,0:00:01
Match Found At: ,0:00:01
Match Found At: ,0:00:02
Match Found At: ,0:00:02
Match Found At: ,0:00:03
Match Found At: ,0:00:03
Match Found At: ,0:00:03
Match Found At: ,0:00:04
Match Found At: ,0:00:04
Match Found At: ,0:00:04
Match Found At: ,0:00:05
Match Found At: ,0:00:05
Match Found At: ,0:00:06
Match Found At: ,0:00:07
Match Found At: ,0:00:08
Match Found At: ,0:00:08
Match Found At: ,0:00:09
Match Found At: ,0:00:09
Match Found At: ,0:00:09
Match Found At: ,0:00:10
Match Found At: ,0:00:10
Match Found At: ,0:00:11
Match Found At: ,0:00:11
Match Found At: ,0:00:11
Match Found At: ,0:00:12
Match Found At: ,0:00:12
Match Found At: ,0:00:13
Match Found At: ,0:00:13
Match Found At: ,0:00:14
Match Found At: ,0:00:14
Match Found At: ,0:00:15
Match Found At: ,0:00:15
Match Found At: ,0:00:16
Match Found At: ,0:00:16
Match Found At: ,0:00:17
Match Found At: ,0:00:17
Match Found At: ,0:00:18
Match Found At: ,0:00:18
Match Found At: ,0:00:19
Match Found At: ,0:00:19
Match Found At: ,0:00:19
Match Found At: ,0:00:20
Match Found At: ,0:00:20
Match Found At: ,0:00:20
Match Found At: ,0:00:21
Match Found At: ,0:00:21
Match Found At: ,0:00:22
Match Found At: ,0:00:22
Match Found At: ,0:00:23
Match Found At: ,0:00:23
Match Found At: ,0:00:23
Match Found At: ,0:00:24
Match Found At: ,0:00:24
Match Found At: ,0:00:25
Match Found At: ,0:00:25
Match Found At: ,0:00:25
Match Found At: ,0:00:26
Match Found At: ,0:00:26
Match Found At: ,0:00:26
Match Found At: ,0:00:27
Match Found At: ,0:00:27
Match Found At: ,0:00:28
Match Found At: ,0:00:28
Match Found At: ,0:00:28
Match Found At: ,0:00:29
Match Found At: ,0:00:29
Match Found At: ,0:00:29
Match Found At: ,0:00:30
Match Found At: ,0:00:30
Match Found At: ,0:00:31
Match Found At: ,0:00:31
Match Found At: ,0:00:31
Match Found At: ,0:00:32
Match Found At: ,0:00:32
Match Found At: ,0:00:32
Match Found At: ,0:00:33
Match Found At: ,0:00:33
Match Found At: ,0:00:34
Match Found At: ,0:00:34
Match Found At: ,0:00:34
Match Found At: ,0:00:35
Match Found At: ,0:00:35
Match Found At: ,0:00:35
Match Found At: ,0:00:36
Match Found At: ,0:00:36
Match Found At: ,0:00:37
Match Found At: ,0:00:37
Match Found At: ,0:00:37
Match Found At: ,0:00:38
Match Found At: ,0:00:38
Match Found At: ,0:00:38
Match Found At: ,0:00:39
Match Found At: ,0:00:39
Match Found At: ,0:00:40
Match Found At: ,0:00:40
Match Found At: ,0:00:41
Match Found At: ,0:00:41
Match Found At: ,0:00:42
Match Found At: ,0:00:42
Match Found At: ,0:00:42
Match Found At: ,0:00:43
Match Found At: ,0:00:43
Match Found At: ,0:00:44
Match Found At: ,0:00:44
Match Found At: ,0:00:45
Match Found At: ,0:00:46
Match Found At: ,0:00:46
Match Found At: ,0:00:46
Match Found At: ,0:00:47
Match Found At: ,0:00:01
Match Found At: ,0:00:02
Match Found At: ,0:00:03
Match Found At: ,0:00:03
Match Found At: ,0:00:04
Match Found At: ,0:00:05
Match Found At: ,0:00:06
Match Found At: ,0:00:07
Match Found At: ,0:00:07
Match Found At: ,0:00:08
Match Found At: ,0:00:09
Match Found At: ,0:00:09
Match Found At: ,0:00:10
Match Found At: ,0:00:11
Match Found At: ,0:00:12
Match Found At: ,0:00:13
Match Found At: ,0:00:14
Match Found At: ,0:00:15
Match Found At: ,0:00:15
Match Found At: ,0:00:16
Match Found At: ,0:00:17
Match Found At: ,0:00:18
Match Found At: ,0:00:19
Match Found At: ,0:00:19
Match Found At: ,0:00:20
Match Found At: ,0:00:21
Match Found At: ,0:00:22
Match Found At: ,0:00:22
Match Found At: ,0:00:23
Match Found At: ,0:00:24
Match Found At: ,0:00:25
Match Found At: ,0:00:26
Match Found At: ,0:00:27
Match Found At: ,0:00:28
Match Found At: ,0:00:28
Match Found At: ,0:00:29
Match Found At: ,0:00:30
Match Found At: ,0:00:31
Match Found At: ,0:00:32
Match Found At: ,0:00:33
Match Found At: ,0:00:34
Match Found At: ,0:00:35
Match Found At: ,0:00:35
Match Found At: ,0:00:36
Match Found At: ,0:00:37
Match Found At: ,0:00:37
Match Found At: ,0:00:38
Match Found At: ,0:00:39
Match Found At: ,0:00:40
Match Found At: ,0:00:40
Match Found At: ,0:00:41
Match Found At: ,0:00:43
Match Found At: ,0:00:43
Match Found At: ,0:00:44
Match Found At: ,0:00:45
Match Found At: ,0:00:46
Match Found At: ,0:00:46
Match Found At: ,0:00:47
Match Found At: ,0:00:48
Match Found At: ,0:00:49
Match Found At: ,0:00:49
Match Found At: ,0:00:51
Match Found At: ,0:00:52
Match Found At: ,0:00:52
Match Found At: ,0:00:53
Match Found At: ,0:00:53
Match Found At: ,0:00:54
Match Found At: ,0:00:54
Match Found At: ,0:00:54
Match Found At: ,0:00:55
Match Found At: ,0:00:55
Match Found At: ,0:00:56
Match Found At: ,0:00:56
Match Found At: ,0:00:57
Match Found At: ,0:00:57
Match Found At: ,0:00:58
